{
  "index.html": 1715921602437,
  "manifest.json": 1717490839320,
  "model/models.js": 1715754592470,
  "controller/MyTaskUI.controller.js": 1715927694623,
  "controller/App.controller.js": 1716789724565,
  "utils/locate-reuse-libs.js": 1715754592470,
  "Component.js": 1716531673444,
  "Component-dbg.js": 1716531673444,
  "Component.js.map": 1717490839556,
  "controller/MyTaskUI-dbg.controller.js": 1715927694623,
  "controller/MyTaskUI.controller.js.map": 1717490839526,
  "controller/App-dbg.controller.js": 1716789724565,
  "controller/App.controller.js.map": 1717490839583,
  "utils/locate-reuse-libs-dbg.js": 1715754592470,
  "utils/locate-reuse-libs.js.map": 1717490839556,
  "model/models-dbg.js": 1715754592470,
  "model/models.js.map": 1717490839532,
  "Component-preload.js": 1717490839849,
  "Component-preload.js.map": 1717490839849,
  "view/MyTaskUI.view.xml": 1715754592470,
  "view/App.view.xml": 1717484298924,
  "css/style.css": 1716269525422,
  "i18n/i18n.properties": 1715754592470
}