{
  "Component.js": 1732600084603,
  "controller/App.controller.js": 1733303617878,
  "model/models.js": 1732600084607,
  "controller/MyTaskUI.controller.js": 1732600084603,
  "utils/locate-reuse-libs.js": 1732600084607,
  "manifest.json": 1733303669560,
  "i18n/i18n.properties": 1732600084603,
  "model/models-dbg.js": 1732600084607,
  "model/models.js.map": 1733303669733,
  "controller/App-dbg.controller.js": 1733303617878,
  "controller/App.controller.js.map": 1733303669757,
  "controller/MyTaskUI-dbg.controller.js": 1732600084603,
  "controller/MyTaskUI.controller.js.map": 1733303669736,
  "utils/locate-reuse-libs-dbg.js": 1732600084607,
  "utils/locate-reuse-libs.js.map": 1733303669743,
  "Component-dbg.js": 1732600084603,
  "Component.js.map": 1733303669749,
  "Component-preload.js": 1733303669956,
  "Component-preload.js.map": 1733303669956,
  "view/MyTaskUI.view.xml": 1732790801165,
  "view/App.view.xml": 1732874622718,
  "css/style.css": 1732600084603,
  "index.html": 1732600084603
}