{
  "Component.js": 1713873250578,
  "controller/MyTaskUI.controller.js": 1713421879264,
  "model/models.js": 1713421879256,
  "utils/locate-reuse-libs.js": 1713421879256,
  "controller/App.controller.js": 1715104452587,
  "manifest.json": 1715149896530,
  "i18n/i18n.properties": 1713421879256,
  "controller/App-dbg.controller.js": 1715104452587,
  "controller/App.controller.js.map": 1715149897003,
  "model/models-dbg.js": 1713421879256,
  "model/models.js.map": 1715149896923,
  "utils/locate-reuse-libs-dbg.js": 1713421879256,
  "utils/locate-reuse-libs.js.map": 1715149897002,
  "controller/MyTaskUI-dbg.controller.js": 1713421879264,
  "controller/MyTaskUI.controller.js.map": 1715149896979,
  "Component-dbg.js": 1713873250578,
  "Component.js.map": 1715149896985,
  "Component-preload.js": 1715149897356,
  "Component-preload.js.map": 1715149897356,
  "view/MyTaskUI.view.xml": 1713435335820,
  "view/App.view.xml": 1715149791743,
  "css/style.css": 1714985320985,
  "index.html": 1713421879252
}