{
  "model/models.js": 1713421879256,
  "controller/MyTaskUI.controller.js": 1713421879264,
  "i18n/i18n.properties": 1713421879256,
  "utils/locate-reuse-libs.js": 1713421879256,
  "controller/App.controller.js": 1714985624425,
  "manifest.json": 1714985695532,
  "Component.js": 1713873250578,
  "controller/MyTaskUI-dbg.controller.js": 1713421879264,
  "controller/MyTaskUI.controller.js.map": 1714985695742,
  "model/models-dbg.js": 1713421879256,
  "model/models.js.map": 1714985695751,
  "utils/locate-reuse-libs-dbg.js": 1713421879256,
  "utils/locate-reuse-libs.js.map": 1714985695767,
  "controller/App-dbg.controller.js": 1714985624425,
  "controller/App.controller.js.map": 1714985695768,
  "Component-dbg.js": 1713873250578,
  "Component.js.map": 1714985695767,
  "Component-preload.js": 1714985696053,
  "Component-preload.js.map": 1714985696053,
  "view/MyTaskUI.view.xml": 1713435335820,
  "view/App.view.xml": 1714985207919,
  "css/style.css": 1714985320985,
  "index.html": 1713421879252
}